"l_english:","","","","","",""
" # Let the below loc & rhymes be an object lesson: just because you *can* configure somewhat auto-generated poetry"," це не означає, що ти повинен. Прошу вибачення буквально у всіх.","","","","",""
"","","","","","",""
" ##################################################","","","","","",""
" # Title Structure","","","","","",""
" ## Commented lines included for readability.","","","","","",""
" ## Romance","","","","","",""
" #generatepoem_title_romance_01: ""[Season] of [RomanticEmotion]""","","","","","",""
" generatepoem_title_romance_010: ""[ROOT.Char.Custom('GeneratePoem_Title_Fragment_Season')] of [ROOT.Char.Custom('GeneratePoem_Title_Fragment_Emotion')]""","","","","","",""
" #generatepoem_title_romance_02: ""My [RomanticNoun] [RomanticEmotion]""","","","","","",""
" generatepoem_title_romance_020: ""My [ROOT.Char.Custom('GeneratePoem_Title_Fragment_Adjective')] [ROOT.Char.Custom('GeneratePoem_Title_Fragment_Emotion')]""","","","","","",""
" #generatepoem_title_romance_03: ""A Simple [Season] in my [MetaphoricalPlace]""","","","","","",""
" generatepoem_title_romance_030: ""A Simple [ROOT.Char.Custom('GeneratePoem_Title_Fragment_Season')] in my [ROOT.Char.Custom('GeneratePoem_Title_Fragment_MetaphoricalPlace')]""","","","","","",""
" #generatepoem_title_romance_04: ""[SadAction] in [Season]""","","","","","",""
" generatepoem_title_romance_040: ""[ROOT.Char.Custom('GeneratePoem_Title_Fragment_Activity')] in [ROOT.Char.Custom('GeneratePoem_Title_Fragment_Season')]""","","","","","",""
" #generatepoem_title_romance_05: ""The [SubjectTitle] of my [MetaphoricalPlace]""","","","","","",""
" generatepoem_title_romance_050: ""The [ROOT.Var('poem_subject').Char.GetTitleAsNameNoTooltip] of my [ROOT.Char.Custom('GeneratePoem_Title_Fragment_MetaphoricalPlace')]""","","","","","",""
" ## Mourning","","","","","",""
" #generatepoem_title_mourning_01: ""[SadEmotion] in [SadPatheticFallacy]""","","","","","",""
" generatepoem_title_mourning_010: ""[ROOT.Char.Custom('GeneratePoem_Title_Fragment_Emotion')] in [ROOT.Char.Custom('GeneratePoem_Title_Fragment_PatheticFallacy')]""","","","","","",""
" #generatepoem_title_mourning_02: ""[SadEmotion] & [SadEmotion2]""","","","","","",""
" generatepoem_title_mourning_020: ""[ROOT.Char.Custom('GeneratePoem_Title_Fragment_Emotion')] & [ROOT.Char.Custom('GeneratePoem_Title_Fragment_Emotion')]""","","","","","",""
" #generatepoem_title_mourning_03: ""Pangs of [SadEmotion2]""","","","","","",""
" generatepoem_title_mourning_030: ""Pangs of [ROOT.Char.Custom('GeneratePoem_Title_Fragment_Emotion')]""","","","","","",""
" #generatepoem_title_mourning_04: ""[Season] of [SadEmotion]""","","","","","",""
" generatepoem_title_mourning_040: ""[ROOT.Char.Custom('GeneratePoem_Title_Fragment_Season')] of [ROOT.Char.Custom('GeneratePoem_Title_Fragment_Emotion')]""","","","","","",""
" #generatepoem_title_mourning_05: ""[SadPatheticFallacy] in [Season]""","","","","","",""
" generatepoem_title_mourning_050: ""[ROOT.Char.Custom('GeneratePoem_Title_Fragment_PatheticFallacy')] in [ROOT.Char.Custom('GeneratePoem_Title_Fragment_Season')]""","","","","","",""
" ## Legacy","","","","","",""
" #generatepoem_title_legacy_01: ""Time of [MemoryNoun]""","","","","","",""
" generatepoem_title_legacy_010: ""Time of [ROOT.Char.Custom('GeneratePoem_Title_Fragment_Noun')]""","","","","","",""
" #generatepoem_title_legacy_02: ""The [MemoryNoun] of [SubjectTitle]""","","","","","",""
" generatepoem_title_legacy_020: ""The [ROOT.Char.Custom('GeneratePoem_Title_Fragment_Noun')] of a [ROOT.Var('poem_subject').Char.GetTitleAsNameNoTooltip]""","","","","","",""
" #generatepoem_title_legacy_03: ""When [MemoryNoun] Takes Shape""","","","","","",""
" generatepoem_title_legacy_030: ""When [ROOT.Char.Custom('GeneratePoem_Title_Fragment_Noun')] Takes Shape""","","","","","",""
" #generatepoem_title_legacy_04: ""That [SubjectTitle] of [SubjectPrimaryTitle]""","","","","","",""
" generatepoem_title_legacy_040: ""That [ROOT.Var('poem_subject').Char.GetTitleAsNameNoTooltip] of [ROOT.Var('poem_subject').Char.GetPrimaryTitle.GetNameNoTierNoTooltip]""","","","","","",""
" #generatepoem_title_legacy_05: ""A Lament for the [SubjectTitle]""","","","","","",""
" generatepoem_title_legacy_050: ""A Lament for the [ROOT.Var('poem_subject').Char.GetTitleAsNameNoTooltip]""","","","","","",""
" ## Strife","","","","","",""
" #generatepoem_title_strife_01: ""[WarNoun] & [WarEmotion]""","","","","","",""
" generatepoem_title_strife_010: ""[ROOT.Char.Custom('GeneratePoem_Title_Fragment_Noun')] & [ROOT.Char.Custom('GeneratePoem_Title_Fragment_Emotion')]""","","","","","",""
" #generatepoem_title_strife_02: ""The [WarSobriquet] of [SubjectPrimaryTitle]""","","","","","",""
" generatepoem_title_strife_020: ""The [ROOT.Char.Custom('GeneratePoem_Title_Fragment_Sobriquet')] of [ROOT.Var('poem_subject').Char.GetPrimaryTitle.GetNameNoTierNoTooltip]""","","","","","",""
" #generatepoem_title_strife_03: ""The [WarSobriquet]'s Song""","","","","","",""
" generatepoem_title_strife_030: ""The [ROOT.Char.Custom('GeneratePoem_Title_Fragment_Sobriquet')]'s Song""","","","","","",""
" #generatepoem_title_strife_04: ""[WarEmotion] for [SubjectPrimaryTitle]""","","","","","",""
" generatepoem_title_strife_040: ""[ROOT.Char.Custom('GeneratePoem_Title_Fragment_Emotion')] for [ROOT.Var('poem_subject').Char.GetPrimaryTitle.GetNameNoTierNoTooltip]""","","","","","",""
" #generatepoem_title_strife_05: ""[WarNoun] in [SubjectPrimaryTitle]""","","","","","",""
" generatepoem_title_strife_050: ""[ROOT.Char.Custom('GeneratePoem_Title_Fragment_Noun')] in [ROOT.Var('poem_subject').Char.GetPrimaryTitle.GetNameNoTierNoTooltip]""","","","","","",""
" ## Incompetence","","","","","",""
" #generatepoem_title_incompetence_01: ""The [InsultNoun] of [SubjectPrimaryTitle]""","","","","","",""
" generatepoem_title_incompetence_010: ""The [ROOT.Char.Custom('GeneratePoem_Title_Fragment_Noun')] of [ROOT.Var('poem_subject').Char.GetPrimaryTitle.GetNameNoTierNoTooltip]""","","","","","",""
" #generatepoem_title_incompetence_02: ""A Most Peculiar [InsultNoun]""","","","","","",""
" generatepoem_title_incompetence_020: ""A Most Peculiar [ROOT.Char.Custom('GeneratePoem_Title_Fragment_Noun')]""","","","","","",""
" #generatepoem_title_incompetence_03: ""[InsultVerb] [IntensityAdjective] this [Season]""","","","","","",""
" generatepoem_title_incompetence_030: ""[ROOT.Char.Custom('GeneratePoem_Title_Fragment_Verb')] [ROOT.Char.Custom('GeneratePoem_Title_Fragment_IntensityAdjective')] this [ROOT.Char.Custom('GeneratePoem_Title_Fragment_Season')]""","","","","","",""
" #generatepoem_title_incompetence_04: ""The [InsultNoun] Crowned""","","","","","",""
" generatepoem_title_incompetence_040: ""The [ROOT.Char.Custom('GeneratePoem_Title_Fragment_Noun')] Crowned""","","","","","",""
" #generatepoem_title_incompetence_05: ""[InsultVerb] all over [SubjectPrimaryTitle]""","","","","","",""
" generatepoem_title_incompetence_050: ""[ROOT.Char.Custom('GeneratePoem_Title_Fragment_Verb')] all over [ROOT.Var('poem_subject').Char.GetPrimaryTitle.GetNameNoTierNoTooltip]""","","","","","",""
"","","","","","",""
" ##################################################","","","","","",""
" # Title Words","","","","","",""
" ## Seasons","","","","","",""
" generatepoem_title_spring0: ""Spring""","","","","","",""
" generatepoem_title_summer0: ""Summer""","","","","","",""
" generatepoem_title_autumn0: ""Autumn""","","","","","",""
" generatepoem_title_winter0: ""Winter""","","","","","",""
" ## Emotions","","","","","",""
" ### Romance","","","","","",""
" generatepoem_title_love0: ""Love""","","","","","",""
" generatepoem_title_passion0: ""Passion""","","","","","",""
" generatepoem_title_tenderness0: ""Tenderness""","","","","","",""
" generatepoem_title_doting0: ""Doting""","","","","","",""
" ### Mourning","","","","","",""
" generatepoem_title_sadness0: ""Sadness""","","","","","",""
" generatepoem_title_sorrow0: ""Sorrow""","","","","","",""
" generatepoem_title_regret0: ""Regret""","","","","","",""
" generatepoem_title_mourning0: ""Mourning""","","","","","",""
" ### Strife","","","","","",""
" generatepoem_title_rage0: ""Rage""","","","","","",""
" generatepoem_title_anger0: ""Anger""","","","","","",""
" generatepoem_title_bloodlust0: ""Bloodlust""","","","","","",""
" generatepoem_title_wrath0: ""Wrath""","","","","","",""
" ## Activity","","","","","",""
" ### Romance","","","","","",""
" generatepoem_title_weeping_tears0: ""Weeping Tears""","","","","","",""
" generatepoem_title_silent_longing0: ""Silent Longing""","","","","","",""
" generatepoem_title_fitful_slumber0: ""Fitful Slumber""","","","","","",""
" generatepoem_title_harsh_sobbing0: ""Harsh Sobbing""","","","","","",""
" ## Adjectives","","","","","",""
" ### Romance","","","","","",""
" generatepoem_title_romantic0: ""Romantic""","","","","","",""
" generatepoem_title_amorous0: ""Amorous""","","","","","",""
" generatepoem_title_intimate0: ""Intimate""","","","","","",""
" generatepoem_title_passionate0: ""Passionate""","","","","","",""
" ## Intensity Adjectives","","","","","",""
" generatepoem_title_gently0: ""Gently""","","","","","",""
" generatepoem_title_firmly0: ""Firmly""","","","","","",""
" generatepoem_title_copiously0: ""Copiously""","","","","","",""
" generatepoem_title_strenuously0: ""Strenuously""","","","","","",""
" ## Nouns","","","","","",""
" ### Legacy","","","","","",""
" generatepoem_title_memory0: ""Memory""","","","","","",""
" generatepoem_title_legacy0: ""Legacy""","","","","","",""
" generatepoem_title_memoriam0: ""Memoriam""","","","","","",""
" generatepoem_title_heritage0: ""Heritage""","","","","","",""
" ### Strife","","","","","",""
" generatepoem_title_strife0: ""Strife""","","","","","",""
" generatepoem_title_penury0: ""Penury""","","","","","",""
" generatepoem_title_conflict0: ""Conflict""","","","","","",""
" generatepoem_title_quarrel0: ""Quarrel""","","","","","",""
" ### Incompetence","","","","","",""
" generatepoem_title_arse0: ""Arse""","","","","","",""
" generatepoem_title_carbuncle0: ""Carbuncle""","","","","","",""
" generatepoem_title_fool0: ""Fool""","","","","","",""
" generatepoem_title_idiot0: ""Idiot""","","","","","",""
" generatepoem_title_villain0: ""Villain""","","","","","",""
" generatepoem_title_spawn0: ""Spawn""","","","","","",""
" ## Metaphorical Places","","","","","",""
" ### Romance","","","","","",""
" generatepoem_title_heart0: ""Heart""","","","","","",""
" generatepoem_title_head0: ""Head""","","","","","",""
" generatepoem_title_dreams0: ""Dreams""","","","","","",""
" generatepoem_title_chest0: ""Chest""","","","","","",""
" ## Pathetic Fallacies","","","","","",""
" ### Mourning","","","","","",""
" generatepoem_title_windswept_woods0: ""Windswept Woods""","","","","","",""
" generatepoem_title_rainy_nights0: ""Rainy Nights""","","","","","",""
" generatepoem_title_still_mornings0: ""Still Mornings""","","","","","",""
" generatepoem_title_lonely_graves0: ""Lonely Graves""","","","","","",""
" ## Sobriquets","","","","","",""
" ### Strife","","","","","",""
" generatepoem_title_sword0: ""Sword""","","","","","",""
" generatepoem_title_spear0: ""Spear""","","","","","",""
" generatepoem_title_axe0: ""Axe""","","","","","",""
" generatepoem_title_lance0: ""Lance""","","","","","",""
" generatepoem_title_mace0: ""Mace""","","","","","",""
" ## Verbs","","","","","",""
" ### Incompetence","","","","","",""
" generatepoem_title_drooling0: ""Drooling""","","","","","",""
" generatepoem_title_defecating0: ""Defecating""","","","","","",""
" generatepoem_title_failing0: ""Failing""","","","","","",""
" generatepoem_title_collapsing0: ""Collapsing""","","","","","",""
" generatepoem_title_meandering0: ""Meandering""","","","","","",""
" generatepoem_title_slacking0: ""Slacking""","","","","","",""
" generatepoem_title_cumbergrounding0: ""Cumbergrounding""","","","","","",""
"","","","","","",""
" ##################################################","","","","","",""
" # Intro Structure","","","","","",""
" ## Romance","","","","","",""
" generatepoem_intro_rhyming_romance_010: ""#EMP [ROOT.Char.Custom('GeneratePoem_Intro_Rhyming_Romance_01_A')]\n[ROOT.Char.Custom('GeneratePoem_Intro_Rhyming_Romance_01_B')]#!""","","","","","",""
" generatepoem_intro_rhyming_romance_020: ""#EMP [ROOT.Char.Custom('GeneratePoem_Intro_Rhyming_Romance_02_A')]\n[ROOT.Char.Custom('GeneratePoem_Intro_Rhyming_Romance_02_B')]#!""","","","","","",""
" generatepoem_intro_rhyming_romance_030: ""#EMP [ROOT.Char.Custom('GeneratePoem_Intro_Rhyming_Romance_03_A')]\n[ROOT.Char.Custom('GeneratePoem_Intro_Rhyming_Romance_03_B')]#!""","","","","","",""
" ## Mourning","","","","","",""
" generatepoem_intro_rhyming_mourning_010: ""#EMP [ROOT.Char.Custom('GeneratePoem_Intro_Rhyming_Mourning_01_A')]\n[ROOT.Char.Custom('GeneratePoem_Intro_Rhyming_Mourning_01_B')]#!""","","","","","",""
" generatepoem_intro_rhyming_mourning_020: ""#EMP [ROOT.Char.Custom('GeneratePoem_Intro_Rhyming_Mourning_02_A')]\n[ROOT.Char.Custom('GeneratePoem_Intro_Rhyming_Mourning_02_B')]#!""","","","","","",""
" generatepoem_intro_rhyming_mourning_030: ""#EMP [ROOT.Char.Custom('GeneratePoem_Intro_Rhyming_Mourning_03_A')]\n[ROOT.Char.Custom('GeneratePoem_Intro_Rhyming_Mourning_03_B')]#!""","","","","","",""
" ## Legacy","","","","","",""
" generatepoem_intro_rhyming_legacy_010: ""#EMP [ROOT.Char.Custom('GeneratePoem_Intro_Rhyming_Legacy_01_A')]\n[ROOT.Char.Custom('GeneratePoem_Intro_Rhyming_Legacy_01_B')]#!""","","","","","",""
" generatepoem_intro_rhyming_legacy_020: ""#EMP [ROOT.Char.Custom('GeneratePoem_Intro_Rhyming_Legacy_02_A')]\n[ROOT.Char.Custom('GeneratePoem_Intro_Rhyming_Legacy_02_B')]#!""","","","","","",""
" generatepoem_intro_rhyming_legacy_030: ""#EMP [ROOT.Char.Custom('GeneratePoem_Intro_Rhyming_Legacy_03_A')]\n[ROOT.Char.Custom('GeneratePoem_Intro_Rhyming_Legacy_03_B')]#!""","","","","","",""
" ## Strife","","","","","",""
" generatepoem_intro_rhyming_strife_010: ""#EMP [ROOT.Char.Custom('GeneratePoem_Intro_Rhyming_Strife_01_A')]\n[ROOT.Char.Custom('GeneratePoem_Intro_Rhyming_Strife_01_B')]#!""","","","","","",""
" generatepoem_intro_rhyming_strife_020: ""#EMP [ROOT.Char.Custom('GeneratePoem_Intro_Rhyming_Strife_02_A')]\n[ROOT.Char.Custom('GeneratePoem_Intro_Rhyming_Strife_02_B')]#!""","","","","","",""
" generatepoem_intro_rhyming_strife_030: ""#EMP [ROOT.Char.Custom('GeneratePoem_Intro_Rhyming_Strife_03_A')]\n[ROOT.Char.Custom('GeneratePoem_Intro_Rhyming_Strife_03_B')]#!""","","","","","",""
" ## Incompetence","","","","","",""
" generatepoem_intro_rhyming_incompetence_010: ""#EMP [ROOT.Char.Custom('GeneratePoem_Intro_Rhyming_Incompetence_01_A')]\n[ROOT.Char.Custom('GeneratePoem_Intro_Rhyming_Incompetence_01_B')]#!""","","","","","",""
" generatepoem_intro_rhyming_incompetence_020: ""#EMP [ROOT.Char.Custom('GeneratePoem_Intro_Rhyming_Incompetence_02_A')]\n[ROOT.Char.Custom('GeneratePoem_Intro_Rhyming_Incompetence_02_B')]#!""","","","","","",""
" generatepoem_intro_rhyming_incompetence_030: ""#EMP [ROOT.Char.Custom('GeneratePoem_Intro_Rhyming_Incompetence_03_A')]\n[ROOT.Char.Custom('GeneratePoem_Intro_Rhyming_Incompetence_03_B')]#!""","","","","","",""
"","","","","","",""
" ##################################################","","","","","",""
" # Outro Structure","","","","","",""
" ## Romance","","","","","",""
" generatepoem_outro_rhyming_romance_010: ""#EMP [ROOT.Char.Custom('GeneratePoem_Outro_Rhyming_Romance_01_A')]\n[ROOT.Char.Custom('GeneratePoem_Outro_Rhyming_Romance_01_B')]#!""","","","","","",""
" generatepoem_outro_rhyming_romance_020: ""#EMP [ROOT.Char.Custom('GeneratePoem_Outro_Rhyming_Romance_02_A')]\n[ROOT.Char.Custom('GeneratePoem_Outro_Rhyming_Romance_02_B')]#!""","","","","","",""
" generatepoem_outro_rhyming_romance_030: ""#EMP [ROOT.Char.Custom('GeneratePoem_Outro_Rhyming_Romance_03_A')]\n[ROOT.Char.Custom('GeneratePoem_Outro_Rhyming_Romance_03_B')]#!""","","","","","",""
" ## Mourning","","","","","",""
" generatepoem_outro_rhyming_mourning_010: ""#EMP [ROOT.Char.Custom('GeneratePoem_Outro_Rhyming_Mourning_01_A')]\n[ROOT.Char.Custom('GeneratePoem_Outro_Rhyming_Mourning_01_B')]#!""","","","","","",""
" generatepoem_outro_rhyming_mourning_020: ""#EMP [ROOT.Char.Custom('GeneratePoem_Outro_Rhyming_Mourning_02_A')]\n[ROOT.Char.Custom('GeneratePoem_Outro_Rhyming_Mourning_02_B')]#!""","","","","","",""
" generatepoem_outro_rhyming_mourning_030: ""#EMP [ROOT.Char.Custom('GeneratePoem_Outro_Rhyming_Mourning_03_A')]\n[ROOT.Char.Custom('GeneratePoem_Outro_Rhyming_Mourning_03_B')]#!""","","","","","",""
" ## Legacy","","","","","",""
" generatepoem_outro_rhyming_legacy_010: ""#EMP [ROOT.Char.Custom('GeneratePoem_Outro_Rhyming_Legacy_01_A')]\n[ROOT.Char.Custom('GeneratePoem_Outro_Rhyming_Legacy_01_B')]#!""","","","","","",""
" generatepoem_outro_rhyming_legacy_020: ""#EMP [ROOT.Char.Custom('GeneratePoem_Outro_Rhyming_Legacy_02_A')]\n[ROOT.Char.Custom('GeneratePoem_Outro_Rhyming_Legacy_02_B')]#!""","","","","","",""
" generatepoem_outro_rhyming_legacy_030: ""#EMP [ROOT.Char.Custom('GeneratePoem_Outro_Rhyming_Legacy_03_A')]\n[ROOT.Char.Custom('GeneratePoem_Outro_Rhyming_Legacy_03_B')]#!""","","","","","",""
" ## Strife","","","","","",""
" generatepoem_outro_rhyming_strife_010: ""#EMP [ROOT.Char.Custom('GeneratePoem_Outro_Rhyming_Strife_01_A')]\n[ROOT.Char.Custom('GeneratePoem_Outro_Rhyming_Strife_01_B')]#!""","","","","","",""
" generatepoem_outro_rhyming_strife_020: ""#EMP [ROOT.Char.Custom('GeneratePoem_Outro_Rhyming_Strife_02_A')]\n[ROOT.Char.Custom('GeneratePoem_Outro_Rhyming_Strife_02_B')]#!""","","","","","",""
" generatepoem_outro_rhyming_strife_030: ""#EMP [ROOT.Char.Custom('GeneratePoem_Outro_Rhyming_Strife_03_A')]\n[ROOT.Char.Custom('GeneratePoem_Outro_Rhyming_Strife_03_B')]#!""","","","","","",""
" ## Incompetence","","","","","",""
" generatepoem_outro_rhyming_incompetence_010: ""#EMP [ROOT.Char.Custom('GeneratePoem_Outro_Rhyming_Incompetence_01_A')]\n[ROOT.Char.Custom('GeneratePoem_Outro_Rhyming_Incompetence_01_B')]#!""","","","","","",""
" generatepoem_outro_rhyming_incompetence_020: ""#EMP [ROOT.Char.Custom('GeneratePoem_Outro_Rhyming_Incompetence_02_A')]\n[ROOT.Char.Custom('GeneratePoem_Outro_Rhyming_Incompetence_02_B')]#!""","","","","","",""
" generatepoem_outro_rhyming_incompetence_030: ""#EMP [ROOT.Char.Custom('GeneratePoem_Outro_Rhyming_Incompetence_03_A')]\n[ROOT.Char.Custom('GeneratePoem_Outro_Rhyming_Incompetence_03_B')]#!""","","","","","",""
"","","","","","",""
" ##################################################","","","","","",""
" # Intro Lines","","","","","",""
" ## Romance","","","","","",""
" GeneratePoem_Intro_Rhyming_Romance_01_A_010: ""O how such a beautiful countenance gleams","
 GeneratePoem_Intro_Rhyming_Romance_01_A_020: $GeneratePoem_Intro_Rhyming_Romance_01_A_01$""","","","","",""
" GeneratePoem_Intro_Rhyming_Romance_01_A_030: ""$GeneratePoem_Intro_Rhyming_Romance_01_A_01$""","","","","","",""
" GeneratePoem_Intro_Rhyming_Romance_01_B_010: ""Shimmering"," іскристий"," haunting my dreams","
 GeneratePoem_Intro_Rhyming_Romance_01_B_020: So perfectly pure I come apart at the seams","
 GeneratePoem_Intro_Rhyming_Romance_01_B_030: Being caught in [ROOT.Var('poem_subject').Char.GetHerHis] smile is as warm as sunbeams","
 GeneratePoem_Intro_Rhyming_Romance_02_A_010: That scrumptious [ROOT.Var('poem_subject').Char.GetWomanMan] who charms me so","
 GeneratePoem_Intro_Rhyming_Romance_02_A_020: $GeneratePoem_Intro_Rhyming_Romance_02_A_01$"""
" GeneratePoem_Intro_Rhyming_Romance_02_A_030: ""$GeneratePoem_Intro_Rhyming_Romance_02_A_01$""","","","","","",""
" GeneratePoem_Intro_Rhyming_Romance_02_B_010: ""Where"," oh where"," did that [ROOT.Var('poem_subject').Char.GetWomanMan] go?""","","","",""
" GeneratePoem_Intro_Rhyming_Romance_02_B_020: ""Whose very face seems always to glow","
 GeneratePoem_Intro_Rhyming_Romance_02_B_030: To which my fealty I eternally owe","
 GeneratePoem_Intro_Rhyming_Romance_03_A_010: I wonder what secrets [ROOT.Var('poem_subject').Char.GetHerHis] mask protects?""","","","",""
" GeneratePoem_Intro_Rhyming_Romance_03_A_020: ""$GeneratePoem_Intro_Rhyming_Romance_03_A_01$""","","","","","",""
" GeneratePoem_Intro_Rhyming_Romance_03_A_030: ""$GeneratePoem_Intro_Rhyming_Romance_03_A_01$""","","","","","",""
" GeneratePoem_Intro_Rhyming_Romance_03_B_010: ""What hidden wonders? What cloaked subjects?""","","","","","",""
" GeneratePoem_Intro_Rhyming_Romance_03_B_020: ""For surely this [ROOT.Var('poem_subject').Char.GetWomanMan] is free of defects","
 GeneratePoem_Intro_Rhyming_Romance_03_B_030: Is it a shield or just an affect?""","","","","",""
" ## Mourning","","","","","",""
" GeneratePoem_Intro_Rhyming_Mourning_01_A_010: ""No matter how many days twist and pass","
 GeneratePoem_Intro_Rhyming_Mourning_01_A_020: $GeneratePoem_Intro_Rhyming_Mourning_01_A_01$""","","","","",""
" GeneratePoem_Intro_Rhyming_Mourning_01_A_030: ""$GeneratePoem_Intro_Rhyming_Mourning_01_A_01$""","","","","","",""
" GeneratePoem_Intro_Rhyming_Mourning_01_B_010: ""Life without [ROOT.Var('poem_subject').Char.GetHerHim] is a sick morass","
 GeneratePoem_Intro_Rhyming_Mourning_01_B_020: The world seems distant"," as though through glass","
 GeneratePoem_Intro_Rhyming_Mourning_01_B_030: Winds whisper coldly through the grass","
 GeneratePoem_Intro_Rhyming_Mourning_02_A_010: When such beautiful countenance is hid from sight","
 GeneratePoem_Intro_Rhyming_Mourning_02_A_020: $GeneratePoem_Intro_Rhyming_Mourning_02_A_01$""",""
" GeneratePoem_Intro_Rhyming_Mourning_02_A_030: ""$GeneratePoem_Intro_Rhyming_Mourning_02_A_01$""","","","","","",""
" GeneratePoem_Intro_Rhyming_Mourning_02_B_010: ""We scream and we wail"," no matter our might","
 GeneratePoem_Intro_Rhyming_Mourning_02_B_020: The pain surely feels a personal slight","
 GeneratePoem_Intro_Rhyming_Mourning_02_B_030: Those left behind must feel a blight","
 GeneratePoem_Intro_Rhyming_Mourning_03_A_010: How cruel a mistress is random chance","
 GeneratePoem_Intro_Rhyming_Mourning_03_A_020: $GeneratePoem_Intro_Rhyming_Mourning_03_A_01$""",""
" GeneratePoem_Intro_Rhyming_Mourning_03_A_030: ""$GeneratePoem_Intro_Rhyming_Mourning_03_A_01$""","","","","","",""
" GeneratePoem_Intro_Rhyming_Mourning_03_B_010: ""To deprive the world of such beautiful dance","
 GeneratePoem_Intro_Rhyming_Mourning_03_B_020: To cast [ROOT.Var('poem_subject').Char.GetHerHim] aside with nary a glance","
 GeneratePoem_Intro_Rhyming_Mourning_03_B_030: To leave us all in this cursed trance","
 ## Legacy
 GeneratePoem_Intro_Rhyming_Legacy_01_A_010: The mightiest [ROOT.Var('poem_subject').Char.GetWomenMen] must leave this Earth","
 GeneratePoem_Intro_Rhyming_Legacy_01_A_020: $GeneratePoem_Intro_Rhyming_Legacy_01_A_01$""","",""
" GeneratePoem_Intro_Rhyming_Legacy_01_A_030: ""$GeneratePoem_Intro_Rhyming_Legacy_01_A_01$""","","","","","",""
" GeneratePoem_Intro_Rhyming_Legacy_01_B_010: ""Their deeds"," their acts"," their swollen worth""","","","",""
" GeneratePoem_Intro_Rhyming_Legacy_01_B_020: ""And hope of good words there is no dearth""","","","","","",""
" GeneratePoem_Intro_Rhyming_Legacy_01_B_030: ""No matter what realms they have given birth","
 GeneratePoem_Intro_Rhyming_Legacy_02_A_010: [ROOT.Var('poem_subject').Char.GetWomenMen|U] need not fear as lives depart","
 GeneratePoem_Intro_Rhyming_Legacy_02_A_020: $GeneratePoem_Intro_Rhyming_Legacy_02_A_01$""","","","",""
" GeneratePoem_Intro_Rhyming_Legacy_02_A_030: ""$GeneratePoem_Intro_Rhyming_Legacy_02_A_01$""","","","","","",""
" GeneratePoem_Intro_Rhyming_Legacy_02_B_010: ""Provided they leave behind them art","
 GeneratePoem_Intro_Rhyming_Legacy_02_B_020: Crossing to quiet death with noble heart","
 GeneratePoem_Intro_Rhyming_Legacy_02_B_030: Though it may tear their grievers apart","
 GeneratePoem_Intro_Rhyming_Legacy_03_A_010: What [ROOT.Var('poem_subject').Char.GetWomanMan] does not hope to rest when tired","
 GeneratePoem_Intro_Rhyming_Legacy_03_A_020: $GeneratePoem_Intro_Rhyming_Legacy_03_A_01$""","",""
" GeneratePoem_Intro_Rhyming_Legacy_03_A_030: ""$GeneratePoem_Intro_Rhyming_Legacy_03_A_01$""","","","","","",""
" GeneratePoem_Intro_Rhyming_Legacy_03_B_010: ""No matter [ROOT.Var('poem_subject').Char.GetHerHis] wealth and treasure acquired?""","","","","","",""
" GeneratePoem_Intro_Rhyming_Legacy_03_B_020: ""In glorious memory"," with heart's desired?""","","","","",""
" GeneratePoem_Intro_Rhyming_Legacy_03_B_030: ""[ROOT.Var('poem_subject').Char.GetHerHis|U] works surrounding the happy retired?""","","","","","",""
" ## Strife","","","","","",""
" GeneratePoem_Intro_Rhyming_Strife_01_A_010: ""When red-plumed war comes to [ROOT.Var('poem_subject').Char.GetHerHis] lands","
 GeneratePoem_Intro_Rhyming_Strife_01_A_020: $GeneratePoem_Intro_Rhyming_Strife_01_A_01$""","","","","",""
" GeneratePoem_Intro_Rhyming_Strife_01_A_030: ""$GeneratePoem_Intro_Rhyming_Strife_01_A_01$""","","","","","",""
" GeneratePoem_Intro_Rhyming_Strife_01_B_010: ""It'll ne'er find a keener set of hands","
 GeneratePoem_Intro_Rhyming_Strife_01_B_020: It cannot have expected this firebrand","
 GeneratePoem_Intro_Rhyming_Strife_01_B_030: All flashes of iron and shouted demands","
 GeneratePoem_Intro_Rhyming_Strife_02_A_010: Where other [ROOT.Var('poem_subject').Char.GetWomenMen] speak silvered words","
 GeneratePoem_Intro_Rhyming_Strife_02_A_020: $GeneratePoem_Intro_Rhyming_Strife_02_A_01$""","",""
" GeneratePoem_Intro_Rhyming_Strife_02_A_030: ""$GeneratePoem_Intro_Rhyming_Strife_02_A_01$""","","","","","",""
" GeneratePoem_Intro_Rhyming_Strife_02_B_010: ""Our [ROOT.Var('poem_subject').Char.Custom('GetHeroineHero')]"," [ROOT.Var('poem_subject').Char.GetHerselfHimself]"," in iron girds""","","","",""
" GeneratePoem_Intro_Rhyming_Strife_02_B_020: ""[ROOT.Var('poem_subject').Char.GetSheHe|U] leads soldiers in iron herds","
 GeneratePoem_Intro_Rhyming_Strife_02_B_030: [ROOT.Var('poem_subject').Char.GetSheHe|U] does good business in ridding turds","
 ### ^Edward I, bein' a lad.
 GeneratePoem_Intro_Rhyming_Strife_03_A_010: Though conflict brings wrath to all someday","
 GeneratePoem_Intro_Rhyming_Strife_03_A_020: $GeneratePoem_Intro_Rhyming_Strife_03_A_01$""","","",""
" GeneratePoem_Intro_Rhyming_Strife_03_A_030: ""$GeneratePoem_Intro_Rhyming_Strife_03_A_01$""","","","","","",""
" GeneratePoem_Intro_Rhyming_Strife_03_B_010: ""T'is this [ROOT.Var('poem_subject').Char.GetWomanMan]'s sword that holds death at bay","
 GeneratePoem_Intro_Rhyming_Strife_03_B_020: Our [ROOT.Var('poem_subject').Char.Custom('GetHeroineHero')] lives to enter the fray!""","","","","",""
" GeneratePoem_Intro_Rhyming_Strife_03_B_030: ""None are so blighted as this [ROOT.Var('poem_subject').Char.Custom('GetHeroineHeroPossessive')] prey","
 ## Incompetence
 GeneratePoem_Intro_Rhyming_Incompetence_01_A_010: A [ROOT.Var('poem_subject').Char.GetLadyLord] is nought without wisdom","
 GeneratePoem_Intro_Rhyming_Incompetence_01_A_020: $GeneratePoem_Intro_Rhyming_Incompetence_01_A_01$""","","","",""
" GeneratePoem_Intro_Rhyming_Incompetence_01_A_030: ""$GeneratePoem_Intro_Rhyming_Incompetence_01_A_01$""","","","","","",""
" GeneratePoem_Intro_Rhyming_Incompetence_01_B_010: ""Else [ROOT.Var('poem_subject').Char.GetHerHis] deeds fail [ROOT.Var('poem_subject').Char.GetHerHis] vision","
 GeneratePoem_Intro_Rhyming_Incompetence_01_B_020: An empty head"," with thoughts unstricken","
 GeneratePoem_Intro_Rhyming_Incompetence_01_B_030: A mocking parody"," a waiting schism","
 GeneratePoem_Intro_Rhyming_Incompetence_02_A_010: Some [ROOT.Var('poem_subject').Char.GetWomenMen] simply make all others queasy","
 GeneratePoem_Intro_Rhyming_Incompetence_02_A_020: $GeneratePoem_Intro_Rhyming_Incompetence_02_A_01$"""
" GeneratePoem_Intro_Rhyming_Incompetence_02_A_030: ""$GeneratePoem_Intro_Rhyming_Incompetence_02_A_01$""","","","","","",""
" GeneratePoem_Intro_Rhyming_Incompetence_02_B_010: ""Their appearance so poor that jokes come easy","
 GeneratePoem_Intro_Rhyming_Incompetence_02_B_020: Their features awkward"," their breathing wheezy","
 GeneratePoem_Intro_Rhyming_Incompetence_02_B_030: Such that no one around them can talk freely","
 GeneratePoem_Intro_Rhyming_Incompetence_03_A_010: Sometimes Fate is far too cruel","
 GeneratePoem_Intro_Rhyming_Incompetence_03_A_020: $GeneratePoem_Intro_Rhyming_Incompetence_03_A_01$""",""
" GeneratePoem_Intro_Rhyming_Incompetence_03_A_030: ""$GeneratePoem_Intro_Rhyming_Incompetence_03_A_01$""","","","","","",""
" GeneratePoem_Intro_Rhyming_Incompetence_03_B_010: ""Leaving noble and peasant under such rule","
 GeneratePoem_Intro_Rhyming_Incompetence_03_B_020: Letting a realm become such a cesspool","
 GeneratePoem_Intro_Rhyming_Incompetence_03_B_030: To put a [ROOT.Var('poem_subject').Char.GetLadyLord]'s crown on such a mule","

 ##################################################
 # Outro Lines
 ## Romance
 GeneratePoem_Outro_Rhyming_Romance_01_A_010: Although"," perhaps"," [ROOT.Var('poem_subject').Char.GetSheHe]'ll break my heart yet?""",""
" GeneratePoem_Outro_Rhyming_Romance_01_A_020: ""$GeneratePoem_Outro_Rhyming_Romance_01_A_01$""","","","","","",""
" GeneratePoem_Outro_Rhyming_Romance_01_A_030: ""$GeneratePoem_Outro_Rhyming_Romance_01_A_01$""","","","","","",""
" GeneratePoem_Outro_Rhyming_Romance_01_B_010: ""But for this [ROOT.Var('poem_subject').Char.GetWomanMan]"," I'll take that bet.""","","","","",""
" GeneratePoem_Outro_Rhyming_Romance_01_B_020: ""But at least [ROOT.Var('poem_subject').Char.GetHerHis] memory"," I'll never"," forget.""","","","",""
" GeneratePoem_Outro_Rhyming_Romance_01_B_030: ""But to fail to try would be a bigger regret.""","","","","","",""
" GeneratePoem_Outro_Rhyming_Romance_02_A_010: ""For [ROOT.Var('poem_subject').Char.GetHerHis] life is my life and our life to be","
 GeneratePoem_Outro_Rhyming_Romance_02_A_020: $GeneratePoem_Outro_Rhyming_Romance_02_A_01$""","","","","",""
" GeneratePoem_Outro_Rhyming_Romance_02_A_030: ""$GeneratePoem_Outro_Rhyming_Romance_02_A_01$""","","","","","",""
" GeneratePoem_Outro_Rhyming_Romance_02_B_010: ""The beautiful start to a family tree.""","","","","","",""
" GeneratePoem_Outro_Rhyming_Romance_02_B_020: ""And as long as I'm with [ROOT.Var('poem_subject').Char.GetHerHim]"," I'll ever be free.""","","","","",""
" GeneratePoem_Outro_Rhyming_Romance_02_B_030: ""As warm and refreshing as a fragrant hot tea.""","","","","","",""
" GeneratePoem_Outro_Rhyming_Romance_03_A_010: ""The mere thought of [ROOT.Var('poem_subject').Char.GetHerHis] smile brings one to my face","
 GeneratePoem_Outro_Rhyming_Romance_03_A_020: $GeneratePoem_Outro_Rhyming_Romance_03_A_01$""","","","","",""
" GeneratePoem_Outro_Rhyming_Romance_03_A_030: ""$GeneratePoem_Outro_Rhyming_Romance_03_A_01$""","","","","","",""
" GeneratePoem_Outro_Rhyming_Romance_03_B_010: ""And once that smile's there"," it's fixed quite in place.""","","","","",""
" GeneratePoem_Outro_Rhyming_Romance_03_B_020: ""And makes my heart flutter with remarkable pace.""","","","","","",""
" GeneratePoem_Outro_Rhyming_Romance_03_B_030: ""All worries"," woes"," and anguish"," gone without trace.""","","",""
" ## Mourning","","","","","",""
" GeneratePoem_Outro_Rhyming_Mourning_01_A_010: ""Alone"," bereft"," without that sweet [ROOT.Var('poem_subject').Char.GetWomanMan]","
 GeneratePoem_Outro_Rhyming_Mourning_01_A_020: $GeneratePoem_Outro_Rhyming_Mourning_01_A_01$""","","",""
" GeneratePoem_Outro_Rhyming_Mourning_01_A_030: ""$GeneratePoem_Outro_Rhyming_Mourning_01_A_01$""","","","","","",""
" GeneratePoem_Outro_Rhyming_Mourning_01_B_010: ""Our hearts"," our minds"," our souls"," all damned...""","","",""
" GeneratePoem_Outro_Rhyming_Mourning_01_B_020: ""We wander"," wondering"," where hurt began?""","","","",""
" GeneratePoem_Outro_Rhyming_Mourning_01_B_030: ""Who next among us will end [ROOT.Var('poem_subject').Char.GetHerHis] span?""","","","","","",""
" GeneratePoem_Outro_Rhyming_Mourning_02_A_010: ""Without [ROOT.Var('poem_subject').Char.GetHerHim] we are but hollow shells","
 GeneratePoem_Outro_Rhyming_Mourning_02_A_020: $GeneratePoem_Outro_Rhyming_Mourning_02_A_01$""","","","","",""
" GeneratePoem_Outro_Rhyming_Mourning_02_A_030: ""$GeneratePoem_Outro_Rhyming_Mourning_02_A_01$""","","","","","",""
" GeneratePoem_Outro_Rhyming_Mourning_02_B_010: ""All lonely hearts in separate cells...""","","","","","",""
" GeneratePoem_Outro_Rhyming_Mourning_02_B_020: ""Our misery festers"," our hearts rebel.""","","","","",""
" GeneratePoem_Outro_Rhyming_Mourning_02_B_030: ""Each of us a little corpse"," a hollow"," parallel.""","","","",""
" GeneratePoem_Outro_Rhyming_Mourning_03_A_010: ""When one so great falls so far","
 GeneratePoem_Outro_Rhyming_Mourning_03_A_020: $GeneratePoem_Outro_Rhyming_Mourning_03_A_01$""","","","","",""
" GeneratePoem_Outro_Rhyming_Mourning_03_A_030: ""$GeneratePoem_Outro_Rhyming_Mourning_03_A_01$""","","","","","",""
" GeneratePoem_Outro_Rhyming_Mourning_03_B_010: ""T'is rare for any to 'scape"," less"," a scar.""","","","",""
" GeneratePoem_Outro_Rhyming_Mourning_03_B_020: ""Are Fate's cruel whims not simply bizarre?""","","","","","",""
" GeneratePoem_Outro_Rhyming_Mourning_03_B_030: ""All lives"," all plans"," are left"," ajar.""","","",""
" ## Legacy","","","","","",""
" GeneratePoem_Outro_Rhyming_Legacy_01_A_010: ""And hope only for memory's grace","
 GeneratePoem_Outro_Rhyming_Legacy_01_A_020: $GeneratePoem_Outro_Rhyming_Legacy_01_A_01$""","","","","",""
" GeneratePoem_Outro_Rhyming_Legacy_01_A_030: ""$GeneratePoem_Outro_Rhyming_Legacy_01_A_01$""","","","","","",""
" GeneratePoem_Outro_Rhyming_Legacy_01_B_010: ""Their time of conquest ended"," apace...""","","","","",""
" GeneratePoem_Outro_Rhyming_Legacy_01_B_020: ""That their history finds true place...""","","","","","",""
" GeneratePoem_Outro_Rhyming_Legacy_01_B_030: ""So that the whole world remembers their face!""","","","","","",""
" GeneratePoem_Outro_Rhyming_Legacy_02_A_010: ""'tis rare enough for [ROOT.Var('poem_subject').Char.GetWomenMen] to admit","
 GeneratePoem_Outro_Rhyming_Legacy_02_A_020: $GeneratePoem_Outro_Rhyming_Legacy_02_A_01$""","","","","",""
" GeneratePoem_Outro_Rhyming_Legacy_02_A_030: ""$GeneratePoem_Outro_Rhyming_Legacy_02_A_01$""","","","","","",""
" GeneratePoem_Outro_Rhyming_Legacy_02_B_010: ""That all they leave behind is shit.""","","","","","",""
" GeneratePoem_Outro_Rhyming_Legacy_02_B_020: ""That their deeds leave those left after split.""","","","","","",""
" GeneratePoem_Outro_Rhyming_Legacy_02_B_030: ""That"," given chance"," they'd change quite a bit.""","","","",""
" GeneratePoem_Outro_Rhyming_Legacy_03_A_010: ""And when their final hour nears","
 GeneratePoem_Outro_Rhyming_Legacy_03_A_020: $GeneratePoem_Outro_Rhyming_Legacy_03_A_01$""","","","","",""
" GeneratePoem_Outro_Rhyming_Legacy_03_A_030: ""$GeneratePoem_Outro_Rhyming_Legacy_03_A_01$""","","","","","",""
" GeneratePoem_Outro_Rhyming_Legacy_03_B_010: ""Hope"," shall they"," their name brings cheers!""","","","",""
" GeneratePoem_Outro_Rhyming_Legacy_03_B_020: ""Their name lives on"," on the lips of peers...""","","","","",""
" GeneratePoem_Outro_Rhyming_Legacy_03_B_030: ""Wonder"," will life echo through the years?""","","","","",""
" ## Strife","","","","","",""
" GeneratePoem_Outro_Rhyming_Strife_01_A_010: ""[ROOT.Var('poem_subject').Char.GetHerHis|U] subjects prove grateful"," for if they are not","
 GeneratePoem_Outro_Rhyming_Strife_01_A_020: $GeneratePoem_Outro_Rhyming_Strife_01_A_01$""","","","",""
" GeneratePoem_Outro_Rhyming_Strife_01_A_030: ""$GeneratePoem_Outro_Rhyming_Strife_01_A_01$""","","","","","",""
" GeneratePoem_Outro_Rhyming_Strife_01_B_010: ""Then next to their door is [ROOT.Var('poem_subject').Char.GetHerHis] sword brought.""","","","","","",""
" GeneratePoem_Outro_Rhyming_Strife_01_B_020: ""They'll learn how it is an empire is wrought.""","","","","","",""
" GeneratePoem_Outro_Rhyming_Strife_01_B_030: ""They'll soon see on which side they have fought.""","","","","","",""
" GeneratePoem_Outro_Rhyming_Strife_02_A_010: ""Then all shall tremble as [ROOT.Var('poem_subject').Char.GetSheHe] takes field","
 GeneratePoem_Outro_Rhyming_Strife_02_A_020: $GeneratePoem_Outro_Rhyming_Strife_02_A_01$""","","","","",""
" GeneratePoem_Outro_Rhyming_Strife_02_A_030: ""$GeneratePoem_Outro_Rhyming_Strife_02_A_01$""","","","","","",""
" GeneratePoem_Outro_Rhyming_Strife_02_B_010: ""And show to the foe that there's no thick-enough shield.""","","","","","",""
" GeneratePoem_Outro_Rhyming_Strife_02_B_020: ""All fire and fury and thundering wield.""","","","","","",""
" GeneratePoem_Outro_Rhyming_Strife_02_B_030: ""[ROOT.Var('poem_subject').Char.GetHerHis|U] scything blows too harsh to heal.""","","","","","",""
" GeneratePoem_Outro_Rhyming_Strife_03_A_010: ""So let none challenge [ROOT.Var('poem_subject').Char.GetHerHis] bold intent","
 GeneratePoem_Outro_Rhyming_Strife_03_A_020: $GeneratePoem_Outro_Rhyming_Strife_03_A_01$""","","","","",""
" GeneratePoem_Outro_Rhyming_Strife_03_A_030: ""$GeneratePoem_Outro_Rhyming_Strife_03_A_01$""","","","","","",""
" GeneratePoem_Outro_Rhyming_Strife_03_B_010: ""Lest they discover where the last challenger went.""","","","","","",""
" GeneratePoem_Outro_Rhyming_Strife_03_B_020: ""Unless to the hereafter they wish to be sent.""","","","","","",""
" GeneratePoem_Outro_Rhyming_Strife_03_B_030: ""Or else terrible rage shall their bodies be rent.""","","","","","",""
" ## Incompetence","","","","","",""
" GeneratePoem_Outro_Rhyming_Incompetence_01_A_010: ""Oh what cruel fates Destiny doles out","
 GeneratePoem_Outro_Rhyming_Incompetence_01_A_020: $GeneratePoem_Outro_Rhyming_Incompetence_01_A_01$""","","","","",""
" GeneratePoem_Outro_Rhyming_Incompetence_01_A_030: ""$GeneratePoem_Outro_Rhyming_Incompetence_01_A_01$""","","","","","",""
" GeneratePoem_Outro_Rhyming_Incompetence_01_B_010: ""When such a tosspot wields such clout?""","","","","","",""
" GeneratePoem_Outro_Rhyming_Incompetence_01_B_020: ""When the world allows such stupidity to sprout?""","","","","","",""
" GeneratePoem_Outro_Rhyming_Incompetence_01_B_030: ""When all must behold such a terrible lout?""","","","","","",""
" GeneratePoem_Outro_Rhyming_Incompetence_02_A_010: ""When such a [ROOT.Var('poem_subject').Char.GetWomanMan] is seen to exist","
 GeneratePoem_Outro_Rhyming_Incompetence_02_A_020: $GeneratePoem_Outro_Rhyming_Incompetence_02_A_01$""","","","","",""
" GeneratePoem_Outro_Rhyming_Incompetence_02_A_030: ""$GeneratePoem_Outro_Rhyming_Incompetence_02_A_01$""","","","","","",""
" GeneratePoem_Outro_Rhyming_Incompetence_02_B_010: ""It makes one want to hurl a fist!""","","","","","",""
" GeneratePoem_Outro_Rhyming_Incompetence_02_B_020: ""We all hope they get deadly cysts!""","","","","","",""
" GeneratePoem_Outro_Rhyming_Incompetence_02_B_030: ""It's pretty obvious Destiny's pissed!""","","","","","",""
" GeneratePoem_Outro_Rhyming_Incompetence_03_A_010: ""Life itself shrivels in [ROOT.Var('poem_subject').Char.GetHerHis] wake","
 GeneratePoem_Outro_Rhyming_Incompetence_03_A_020: $GeneratePoem_Outro_Rhyming_Incompetence_03_A_01$""","","","","",""
" GeneratePoem_Outro_Rhyming_Incompetence_03_A_030: ""$GeneratePoem_Outro_Rhyming_Incompetence_03_A_01$""","","","","","",""
" GeneratePoem_Outro_Rhyming_Incompetence_03_B_010: ""And all the world feels pain and ache.""","","","","","",""
" GeneratePoem_Outro_Rhyming_Incompetence_03_B_020: ""No bad idea enough [ROOT.Var('poem_subject').Char.GetHerHis] lust to slake.""","","","","","",""
" GeneratePoem_Outro_Rhyming_Incompetence_03_B_030: ""That benighted [ROOT.Var('poem_subject').Char.GetWomanMan]"," Destiny's mistake.""","","","","",""
"","","","","","",""
" ##################################################","","","","","",""
" # Misc","","","","","",""
" heroinehero_heroine0: ""heroine""","","","","","",""
" heroinehero_hero0: ""hero""","","","","","",""
" heroineheropossessive_heroine0: ""heroine's""","","","","","",""
" heroineheropossessive_hero0: ""hero's""","","","","","",""
