"l_english:","","",""
" #GROUPS","","",""
" culture_group_military0: ""Military""","","",""
" culture_group_civic0: ""Civic""","","",""
" culture_group_regional0: ""Cultural and Regional""","","",""
" culture_group_any0: ""any""","","",""
" #ERAS","","",""
" culture_era_tribal0: ""Tribal""","","",""
" culture_era_tribal_desc0: ""The Tribal Era of a [culture|E] predates the emergence of codified laws and an institutionalized government. Rulers with [tribal_government|E] can only make use of Tribal Era [innovations|E].""","","",""
" culture_era_early_medieval0: ""Early Medieval""","","",""
" culture_era_early_medieval_desc0: ""The Early Medieval Era sees the emergence of professional administrators and a number of important [innovations|E]"," дозволяючи [culture|Е]ій культурі вийти з Темних віків».","",""
" culture_era_high_medieval0: ""High Medieval""","","",""
" culture_era_high_medieval_desc0: ""The High Medieval Era is a time of great technological and administrative progress"," бачачи перетворення маленьких селищ у міста та піднесення класу міщан, навіть коли панує аристократія».","",""
" culture_era_late_medieval0: ""Late Medieval""","","",""
" culture_era_late_medieval_desc0: ""The Late Medieval Era marks the zenith of the feudal world. Bureaucrats"," ремісники"," merchants and money lenders are starting to encroach on the power of the old privileged classes"," except for the monarchs themselves."""
